,Repository,comment_ratio,cyclomatic_complexity,fanout_external,fanout_internal,halstead_bugprop,halstead_difficulty,halstead_effort,halstead_timerequired,halstead_volume
0,PythonRobotics,6.945725434551259,49,11,1,6.9443360153260185,117.16742081447963,2440949.8205545507,135608.32336414172,20833.008045978055
1,PythonRobotics,0.0,3,3,1,0.04531122681006491,4.7272727272727275,642.595580215466,35.69975445641478,135.93368043019473
2,MotionPlanning,17.903348554033485,6,15,1,2.492398445001662,46.50349650349651,347715.7271173647,19317.54039540915,7477.195335004985
3,pylot,6.806420845424843,0,77,1,11.004875193704487,311.72037914691947,10291331.603538275,571740.6446410152,33014.62558111346
4,PythonRobotics,22.228481297881928,43,5,1,3.8988067274949074,92.4770642201835,1081650.60036189,60091.700020104996,11696.420182484722
5,PythonRobotics,0.0,3,3,1,0.03125512476486815,4.375,410.22351253889445,22.790195141049693,93.76537429460444
6,PythonRobotics,8.02139037433155,1,3,1,0.24140466561840493,16.956521739130434,12280.150381457988,682.230576747666,724.2139968552148
7,l5kit,34.591905946190366,2,11,1,2.6479473318476607,72.14999999999999,573148.1999784261,31841.566665468115,7943.841995542982
8,pylot,38.96022549326652,0,11,1,1.5191722368851557,42.0,191415.70184752962,10634.20565819609,4557.516710655467
9,PythonRobotics,39.013215859030836,8,10,1,2.210655163123706,46.41203703703704,307803.0279210438,17100.168217835766,6631.965489371119
10,SqueezeSeg,14.256066411238825,0,10,0,2.57037440104031,41.55140186915888,320407.97907547344,17800.443281970747,7711.12320312093
11,l5kit,6.948480845442536,0,10,1,1.2287590776439052,47.172413793103445,173890.59498795125,9660.588610441737,3686.2772329317154
12,VoxFormer,24.200913242009133,1,6,1,0.3818613636375466,16.153846153846153,18505.58916089649,1028.0882867164717,1145.5840909126398
13,l5kit,49.65373961218837,6,5,0,0.25776622461599397,17.066666666666666,13197.63070033889,733.2017055743828,773.2986738479818
14,CVPR2023-3D-Occupancy-Prediction,14.583835946924005,3,10,0,5.121624828869788,48.618090452261306,747010.857577616,41500.60319875644,15364.874486609364
15,PythonRobotics,12.882703777335983,12,5,1,2.007406007937537,64.07058823529411,385847.0512668644,21435.947292603578,6022.218023812611
16,VoxFormer,20.68216380621334,12,13,1,1.498,23.48181818181818,105527.29090909091,5862.627272727273,4494.0
17,RTM3D,22.31709227635908,13,8,1,7.570162275115457,119.08447488584476,2704466.3979982683,150248.13322212602,22710.486825346372
18,pylot,37.548072413469654,5,7,1,1.92905522562167,60.815217391304344,351947.7387180405,19552.65215100225,5787.16567686501
19,Ultra-Fast-Lane-Detection,44.07185628742515,2,0,0,0.320726945690104,2.111111111111111,2031.2706560373256,112.84836977985142,962.1808370703121
20,pylot,7.479387514723204,28,19,1,4.5858146578372,74.34782608695652,1022836.0519436884,56824.22510798269,13757.4439735116
21,l5kit,9.090909090909092,0,9,1,0.3147600349283995,14.057142857142857,13273.88033012336,737.4377961179645,944.2801047851984
22,l5kit,45.41284403669725,3,3,1,0.44556733112193236,33.42857142857143,44684.03806394236,2482.446559107909,1336.701993365797
23,PythonRobotics,11.538461538461538,3,3,1,0.03125512476486815,4.375,410.22351253889445,22.790195141049693,93.76537429460444
24,RTM3D,17.86449864498645,0,7,1,4.115056698680177,81.15555555555555,1001879.1375720004,55659.95208733335,12345.17009604053
25,pylot,36.88318833602696,38,6,1,3.564607082257007,53.826530612244895,575611.2967011953,31978.405372288627,10693.821246771022
26,Cam2BEV,83.5129993658846,2,2,0,0.05042249444035256,4.0,605.0699332842307,33.614996293568375,151.26748332105768
27,PythonRobotics,11.53562200073828,41,8,1,4.704963080561301,121.74568965517241,1718426.9251351804,95468.16250751002,14114.889241683903
28,PythonRobotics,21.803795149827828,11,7,1,8.16175412430094,141.75,3470785.9413589747,192821.4411866097,24485.26237290282
29,Cam2BEV,23.112150443340155,48,10,1,5.453624140336475,63.280434782608694,1035323.1202242682,57517.951123570456,16360.872421009426
30,l5kit,26.793248945147678,2,4,0,0.18367746297052545,16.19047619047619,8921.476772854094,495.6375984918941,551.0323889115764
31,pylot,2.2178086726249586,3,10,1,0.8417769514907478,23.714285714285715,59886.41740605606,3327.023189225337,2525.3308544722436
32,CVPR2023-3D-Occupancy-Prediction,11.570064401510104,2,0,0,1.2669229417098857,12.25974025974026,46596.43858340775,2588.6910324115415,3800.768825129657
33,pylot,41.70678336980306,6,6,1,1.2588822844085084,38.8433734939759,146697.70427468786,8149.872459704881,3776.646853225525
34,PythonRobotics,6.5123163125066075,104,5,1,8.054659945175581,137.30232558139537,3317770.6267197654,184320.5903733203,24163.979835526745
35,VoxFormer,31.59401845370665,7,19,1,1.3907805623928422,46.2027027027027,192773.46254680248,10709.636808155694,4172.341687178527
36,pylot,40.0238000793336,1,3,0,0.4448053003172165,21.348837209302328,28488.227838921266,1582.6793243845148,1334.4159009516495
37,PythonRobotics,13.577469482981295,55,7,1,11.166655386818237,199.4745098039216,6682389.328304664,371243.85157248133,33499.96616045471
38,pylot,19.3543428132206,9,14,1,1.54936258153041,38.75,180113.40010291018,10006.300005717232,4648.08774459123
39,CVPR2023-3D-Occupancy-Prediction,26.797385620915033,2,0,0,0.12379492913709159,4.277777777777779,1588.7015905926758,88.26119947737088,371.3847874112748
40,l5kit,12.08030460366909,0,9,1,0.8913709919179515,36.666666666666664,98050.80911097466,5447.267172831926,2674.1129757538547
41,pylot,16.1277160053045,4,13,1,2.6845143530102806,46.13309352517986,371534.8551513329,20640.82528618516,8053.5430590308415
42,PythonRobotics,3.524804177545692,3,5,1,0.45107682776207336,14.325581395348838,19385.81343498399,1076.9896352768883,1353.23048328622
43,CVPR2023-3D-Occupancy-Prediction,8.500345542501728,8,4,1,0.3369594042101764,17.25,17437.64916787663,968.7582871042572,1010.8782126305292
44,pylot,28.897805437274812,5,13,1,4.335469744534378,75.26732673267327,978957.6534044655,54386.53630024809,13006.409233603134
45,PythonRobotics,0.0,4,3,0,0.3401262365157518,14.100000000000001,14387.339804616304,799.2966558120169,1020.3787095472554
46,CVPR2023-3D-Occupancy-Prediction,6.701152127909711,2,0,0,1.3208034166489893,10.5875,41952.01852131352,2330.6676956285287,3962.4102499469677
47,MotionPlanning,24.28599960055922,30,16,1,6.320240550338728,87.41630901287553,1657476.3029523501,92082.01683068612,18960.72165101618
48,SqueezeSeg,20.168067226890756,1,5,0,0.3862603344418538,22.75,26362.267825656523,1464.5704347586957,1158.7810033255614
49,CVPR2023-3D-Occupancy-Prediction,23.051881993896234,2,0,0,1.1073571317280573,13.67741935483871,45437.36359864803,2524.2979777026685,3322.0713951841717
50,PythonRobotics,17.111376609584497,16,13,1,4.361708949789515,65.45336787564767,856465.6213712338,47581.423409512994,13085.126849368544
51,PythonRobotics,0.0,3,3,1,0.03125512476486815,4.375,410.22351253889445,22.790195141049693,93.76537429460444
52,pylot,0.0,6,4,0,0.4855663275884624,18.387755102040817,26785.424152481915,1488.0791195823285,1456.6989827653872
53,pylot,23.072060682680153,15,6,0,2.5521464914326484,60.50847457627118,463279.4732753163,25737.74851529535,7656.439474297945
54,VoxFormer,26.78368767496406,23,13,1,6.307517987542098,86.4319526627219,1635513.2883555165,90861.84935308425,18922.553962626294
55,pylot,3.548837591390783,27,22,1,3.0470425922030904,40.05,366102.1674532013,20339.00930295563,9141.127776609272
56,CVPR2023-3D-Occupancy-Prediction,12.223451327433628,33,19,1,4.099862745700156,42.32233502538071,520547.2940447977,28919.294113599874,12299.588237100468
57,pylot,9.483208630589873,7,9,1,1.6329246132128088,42.471590909090914,208058.7184732798,11558.817692959989,4898.773839638427
58,pylot,10.508474576271187,2,1,0,0.012924812503605781,5.0,193.8721875540867,10.77067708633815,38.77443751081734
59,l5kit,29.676915059927044,3,9,1,3.159159999606571,75.50427350427351,715590.2419621655,39755.013442342526,9477.479998819714
60,pylot,36.71486669679169,1,7,1,0.8238366378492126,32.22,79632.04941450487,4424.002745250271,2471.5099135476376
61,PythonRobotics,12.739622641509435,9,10,1,4.488312545546314,66.81012658227847,899594.1879263334,49977.4548847963,13464.937636638944
62,pylot,39.862825788751714,1,11,1,0.7292514978210335,17.232876712328768,37701.303462692886,2094.5168590384937,2187.7544934631005
63,pylot,12.393967954759662,4,7,1,0.5059338501182696,11.0,16695.817053902898,927.5453918834943,1517.8015503548088
64,l5kit,6.7628045748383885,0,8,1,0.7102358079454222,25.47457627118644,54278.86878010014,3015.4927100055634,2130.7074238362666
65,pylot,45.701168614357265,0,2,0,0.39102856475187864,20.26923076923077,23777.544648950774,1320.9747027194874,1173.0856942556359
66,PythonRobotics,0.0,3,3,1,0.03125512476486815,4.375,410.22351253889445,22.790195141049693,93.76537429460444
67,l5kit,4.728328494400664,0,8,1,0.7077104055534067,26.18,55583.57525216456,3087.976402898031,2123.13121666022
68,l5kit,22.381152713504417,2,8,1,1.378452150150962,36.02597402597402,148980.24407215978,8276.6802262311,4135.356450452886
69,CVPR2023-3D-Occupancy-Prediction,19.11013858497447,2,5,1,0.2965774582528318,25.875,23021.825196876074,1278.9902887153376,889.7323747584956
70,PythonRobotics,0.0,3,3,1,0.04359960364000362,4.8999999999999995,640.9141735080531,35.606342972669616,130.79881092001085
71,l5kit,24.1350115708077,3,13,1,4.958037154638062,60.43529411764706,898921.3010603198,49940.07228112887,14874.111463914187
72,CVPR2023-3D-Occupancy-Prediction,18.70653685674548,3,3,1,0.5700439718141092,19.950000000000003,34117.131713074436,1895.396206281913,1710.1319154423275
73,pylot,16.337148803329864,15,8,1,0.8246749671163843,30.048387096774192,74340.45792279793,4130.02544015544,2474.024901349153
74,Cam2BEV,59.056853239312474,2,2,0,0.26513097389073664,4.7368421052631575,3767.6506816052047,209.3139267558447,795.3929216722099
75,CVPR2023-3D-Occupancy-Prediction,7.574617506897416,2,0,0,1.4470339899719178,9.481481481481481,41160.07793697899,2286.6709964988327,4341.101969915753
76,pylot,14.38134810710988,5,8,1,0.9787570879645138,23.31325301204819,68454.03488715665,3803.0019381753696,2936.2712638935413
77,CVPR2023-3D-Occupancy-Prediction,26.795366795366796,3,27,1,1.7308959575096254,41.77358490566038,216917.18773167796,12050.95487398211,5192.687872528876
78,PythonRobotics,3.693611867998789,18,12,1,2.9505878986392107,78.09917355371901,691315.4291439804,38406.412730221135,8851.763695917633
79,l5kit,24.479166666666668,2,8,1,0.8443390314004954,32.06896551724138,81231.23784853042,4512.846547140579,2533.017094201486
80,PythonRobotics,13.62530413625304,3,3,0,0.3768144909914719,27.2,30748.062464904106,1708.2256924946726,1130.4434729744157
81,pylot,21.25832080738673,17,4,1,2.1733253729615503,61.949999999999996,403912.52056490415,22439.584475828007,6519.976118884651
82,RTM3D,19.384615384615383,2,2,0,0.408743584748219,13.042857142857143,15993.552551791026,888.5306973217237,1226.230754244657
83,PythonRobotics,34.89942739685802,0,7,1,2.76024500726263,53.56,443516.1677669594,24639.787098164412,8280.73502178789
84,l5kit,8.373349339735894,0,11,1,3.9415511206333314,93.67289719626169,1107649.5387506883,61536.08548614935,11824.653361899995
85,PythonRobotics,21.37741046831956,5,10,1,0.4919070578612265,11.808510638297873,17426.069177424302,968.1149543013502,1475.7211735836795
86,l5kit,38.30121903263861,0,4,0,0.5831619335525648,42.96875,75173.2179970103,4176.289888722795,1749.4858006576944
87,CVPR2023-3D-Occupancy-Prediction,46.549560853199495,2,0,0,0.155,3.7962962962962967,1765.277777777778,98.070987654321,465.0
88,CVPR2023-3D-Occupancy-Prediction,0.22865853658536586,17,7,1,2.3105027799248377,85.04347826086956,589479.5788086499,32748.86548936944,6931.508339774513
89,l5kit,22.679045092838198,0,3,1,0.4744628105241262,32.89473684210526,46821.98788067034,2601.2215489261303,1423.3884315723785
90,l5kit,40.24201283848594,4,9,1,2.9372540291645897,56.23703703703704,495547.3908759459,27530.410604219218,8811.76208749377
91,PythonRobotics,4.137481674539828,52,5,1,3.3964852322347627,137.05913978494624,1396558.0326671097,77586.55737039499,10189.455696704288
92,PythonRobotics,10.931174089068826,3,3,1,0.03678716557125305,4.2,463.5182861977885,25.75101589987714,110.36149671375915
93,CVPR2023-3D-Occupancy-Prediction,25.37313432835821,2,0,0,0.1356656757666757,3.1896551724137936,1298.1801732845695,72.12112073803164,406.9970273000271
94,PythonRobotics,41.67838217800368,25,11,1,2.249088208290108,60.28301886792453,406745.4806879374,22596.971149329856,6747.264624870323
95,CVPR2023-3D-Occupancy-Prediction,29.309215910951057,18,18,1,3.038668977907269,67.01550387596899,610913.7980001939,33939.65544445522,9116.006933721806
96,l5kit,57.48792270531401,0,3,0,0.36845439382795,22.193548387096776,24531.93125357706,1362.88506964317,1105.36318148385
97,l5kit,36.78741926425162,5,13,1,1.259459715059338,31.956521739130437,120743.85529155828,6707.991960642127,3778.379145178014
98,pylot,27.433514071778983,17,4,1,1.6939134668864153,77.31428571428572,392891.1292623977,21827.284959022094,5081.740400659246
99,pylot,37.76362912853163,0,3,0,0.5379981912972086,26.021739130434785,41998.94575974513,2333.2747644302854,1613.9945738916258
100,PythonRobotics,0.0,3,3,1,0.03125512476486815,4.375,410.22351253889445,22.790195141049693,93.76537429460444
101,CVPR2023-3D-Occupancy-Prediction,8.6211818441336,2,0,0,1.2939186888548746,8.330275229357799,32336.09640771265,1796.4498004284806,3881.756066564624
102,CVPR2023-3D-Occupancy-Prediction,22.326481977956508,51,21,1,8.336596621952312,71.02583025830258,1776341.0898081707,98685.61610045393,25009.789865856936
103,l5kit,12.734229373099186,19,21,1,4.168451376896641,51.69859813084112,646509.2776863923,35917.18209368846,12505.354130689922
104,Ultra-Fast-Lane-Detection,15.609514370664023,19,8,0,2.9583666875639647,55.42307692307692,491885.35347457766,27326.96408192098,8875.100062691894
105,PythonRobotics,6.207139089150695,34,6,1,7.087672300053957,166.20253164556965,3533967.2392294356,196331.5132905242,21263.01690016187
106,PythonRobotics,4.32509505703422,2,2,0,1.0544365791229628,29.869565217391305,94486.68650314899,5249.260361286055,3163.309737368889
107,PythonRobotics,70.03484320557492,1,3,1,0.189931946073346,14.181818181818183,8080.740978393266,448.9300543551815,569.7958382200379
108,PythonRobotics,19.601328903654483,27,11,1,3.882397561815216,76.86734693877551,895288.801014919,49738.266723051056,11647.192685445647
109,MotionPlanning,14.361879373542152,2,7,1,3.693999218635565,97.60169491525424,1081621.754263368,60090.097459076,11081.997655906694
110,CVPR2023-3D-Occupancy-Prediction,58.26494724501759,1,6,1,0.08100100417940709,9.307692307692308,2261.7972705480597,125.65540391933665,243.00301253822127
111,PythonRobotics,5.39906103286385,7,0,0,0.5372002107155077,52.608695652173914,84784.20716944752,4710.2337316359735,1611.6006321465231
112,l5kit,9.889702474742794,0,9,1,5.640953331175449,103.06153846153846,1744095.9861020462,96894.22145011368,16922.85999352635
113,l5kit,53.619336876740064,0,4,1,1.3831345766392211,47.392405063291136,196650.222339389,10925.012352188278,4149.403729917663
114,CVPR2023-3D-Occupancy-Prediction,1.1297709923664123,2,0,0,1.5510660332153963,10.0,46531.98099646189,2585.110055358994,4653.198099646189
115,PythonRobotics,0.0,3,3,1,0.03125512476486815,4.375,410.22351253889445,22.790195141049693,93.76537429460444
116,PythonRobotics,7.780979827089337,3,4,1,0.04666666666666667,6.0,840.0,46.666666666666664,140.0
117,l5kit,40.333333333333336,0,4,0,1.5214442833844688,43.53521126760563,198709.19492710108,11039.399718172283,4564.332850153406
118,l5kit,60.339204174820615,0,3,0,0.2536993065053879,21.217391304347824,16148.512379299473,897.1395766277485,761.0979195161638
119,PythonRobotics,0.0,3,3,1,0.03125512476486815,4.375,410.22351253889445,22.790195141049693,93.76537429460444
120,PythonRobotics,50.34435261707989,5,3,0,0.7053190309729901,30.659090909090907,64873.320871538424,3604.0733817521345,2115.9570929189704
121,PythonRobotics,12.544059713871034,15,12,1,2.0756891413792253,47.00892857142857,292727.76775075775,16262.653763930986,6227.067424137676
122,PythonRobotics,15.524273121957638,15,4,1,3.3583243528550035,82.11023622047244,827258.4177536687,45958.80098631493,10074.97305856501
123,l5kit,15.22633744855967,0,5,1,0.5288090414263363,52.5,83287.42402464797,4627.079112480443,1586.4271242790091
124,pylot,16.459919582513475,15,13,1,3.8648370043507274,61.12359550561798,708698.2012472345,39372.12229151303,11594.511013052183
125,l5kit,2.5186236253990777,0,10,1,1.0895964591434093,31.83582089552239,104064.59316505487,5781.366286947493,3268.789377430228
126,pylot,22.961224134933055,24,11,1,2.6338723967363795,78.35585585585585,619137.9775841801,34396.554310232226,7901.617190209139
127,l5kit,44.41624365482234,1,8,1,0.7142623067067064,35.297872340425535,75635.81915913358,4201.989953285199,2142.7869201201192
128,PythonRobotics,6.56327887011908,18,5,1,1.7411533713338334,38.626126126126124,201762.0291782111,11209.001621011726,5223.4601140015
129,pylot,26.153259626382006,1,12,1,0.6438789825660394,22.063492063492063,42618.65646508546,2367.7031369491924,1931.636947698118
130,l5kit,23.90149060272197,4,13,1,1.9632272070263441,52.5,309208.28510664916,17178.238061480508,5889.681621079032
131,pylot,12.615812229771464,4,8,1,2.4382890341179153,46.37096774193548,339197.4664397906,18844.303691099478,7314.867102353746
132,VoxFormer,26.410093299406277,3,19,1,3.6915220365055483,65.91842105263159,730017.9117823223,40556.55065457346,11074.566109516645
133,pylot,26.730343300110743,9,15,1,2.001027008846346,66.15151515151516,397112.9054828703,22061.828082381682,6003.081026539037
134,Cam2BEV,33.33868378812199,16,4,0,1.9556714961518522,39.85333333333333,233820.08407991545,12990.004671106413,5867.014488455557
135,pylot,31.247600767754317,18,17,1,2.251490180533145,33.834375,228533.28923092838,12696.293846162687,6754.470541599435
136,VoxFormer,0.5910717063306891,2,0,0,2.07730286441732,12.0,74782.90311902353,4154.60572883464,6231.90859325196
137,CVPR2023-3D-Occupancy-Prediction,21.434820647419073,2,0,0,1.0628832554794014,13.442622950819672,42863.81653244799,2381.323140691555,3188.649766438204
138,CVPR2023-3D-Occupancy-Prediction,57.086871325930765,1,12,1,0.08252932501298081,9.307692307692308,2304.47269074708,128.02626059706,247.58797503894243
139,pylot,37.50406239844004,0,6,1,0.45672741736844813,18.9375,25947.826399244957,1441.5459110691643,1370.1822521053443
140,PythonRobotics,0.0,3,3,1,0.11920902501875007,11.071428571428573,3959.442616694199,219.96903426078882,357.6270750562502
141,PythonRobotics,10.585360435410418,33,7,1,4.044198712853698,96.58333333333333,1171806.577049359,65100.36539163106,12132.596138561094
142,PythonRobotics,0.0,3,5,1,0.027920602761755765,4.0,335.04723314106917,18.613735174503844,83.76180828526729
143,pylot,21.28725145038925,38,14,1,5.288094616870561,104.3539603960396,1655500.8486582623,91972.26936990346,15864.283850611684
144,RTM3D,36.1518550474547,0,3,1,0.25994771322627125,14.068965517241379,10971.586240998484,609.5325689443603,779.8431396788138
145,PythonRobotics,0.0,3,3,1,0.03125512476486815,4.375,410.22351253889445,22.790195141049693,93.76537429460444
146,Cam2BEV,26.307551845571933,36,8,0,4.337748464173729,51.230769230769226,666678.5716476239,37037.698424867995,13013.245392521188
147,RTM3D,40.94052558782849,2,2,0,0.21197761838543078,10.080000000000002,6410.203179975429,356.1223988875238,635.9328551562924
148,l5kit,9.047619047619047,0,4,1,0.7179854296553533,42.75,92081.63135329905,5115.646186294392,2153.9562889660597
149,PythonRobotics,0.0,3,3,1,0.03125512476486815,4.375,410.22351253889445,22.790195141049693,93.76537429460444
150,PythonRobotics,5.907467784505512,37,14,1,6.624947921762651,99.03508771929825,1968306.89570264,109350.38309459112,19874.84376528795
151,l5kit,6.938929854414823,0,6,1,2.275664850091934,90.51724137931035,617960.7136025511,34331.15075569729,6826.994550275803
152,PythonRobotics,8.970099667774086,3,5,1,0.038149653185003164,3.8500000000000005,440.62849428678663,24.47936079371037,114.4489595550095
153,CVPR2023-3D-Occupancy-Prediction,10.347551342812006,2,0,0,0.430042112555529,4.0,5160.505350666348,286.694741703686,1290.126337666587
154,pylot,28.013223140495867,24,7,1,3.4181990185381927,98.4375,1009436.8976620601,56079.82764789223,10254.597055614578
155,SqueezeSeg,11.015278462296697,16,17,1,2.956350648650654,37.33333333333333,331111.2726488732,18395.07070271518,8869.051945951962
156,l5kit,8.843308675184936,0,9,1,1.000596917664286,40.94827586206897,122918.15583375926,6828.786435208847,3001.7907529928575
157,VoxFormer,14.95628163828808,10,7,1,4.342110426757859,123.94736842105263,1614579.4823707512,89698.8601317084,13026.331280273576
158,VoxFormer,9.898325358851675,2,0,0,1.214437704932133,9.669421487603305,35228.73011827923,1957.151673237735,3643.313114796399
159,PythonRobotics,10.778052912811155,25,15,1,3.3638420402520244,63.66442953020134,642471.253567061,35692.84742039228,10091.526120756072
160,PythonRobotics,60.15531660692951,0,4,1,0.9807026527721231,99.47916666666666,292678.44793668046,16259.913774260025,2942.107958316369
161,PythonRobotics,23.771494352111663,38,6,1,5.198134977147574,100.88888888888889,1573302.1864166656,87405.67702314809,15594.404931442721
162,pylot,20.991122598044726,26,7,1,2.5184117962576202,90.1530612244898,681127.5985694717,37840.42214274843,7555.235388772861
163,l5kit,6.961673764117756,0,7,1,3.025849522434756,77.58947368421053,704322.2156799975,39129.01198222208,9077.548567304268
164,pylot,30.135610246107483,5,14,1,1.5402366028206997,31.075757575757578,143592.05783569344,7977.336546427414,4620.709808462099
165,Cam2BEV,25.853805966927162,38,13,1,6.609568144692001,103.10240963855422,2044387.2071639206,113577.06706466226,19828.704434076004
166,MotionPlanning,39.801699716713884,2,2,0,0.16420038636414502,4.622222222222222,2276.9120242494773,126.49511245830429,492.60115909243507
167,pylot,5.009809417040358,32,11,1,3.005167647036939,32.67785234899329,294607.273961534,16367.07077564078,9015.502941110817
168,l5kit,2.802989855846236,9,12,1,2.1596416690181073,55.24390243902439,357921.1009994644,19884.505611081357,6478.925007054322
169,VoxFormer,23.015216145667537,15,30,1,6.64896701469874,76.61421319796955,1528216.1292311891,84900.8960683994,19946.90104409622
170,PythonRobotics,0.0,3,3,1,0.03951214079875328,4.55,539.3407219029823,29.96337343905457,118.53642239625984
171,CVPR2023-3D-Occupancy-Prediction,35.15168698610717,26,20,1,4.143234302959805,75.03821656050955,932702.7386592892,51816.818814404956,12429.702908879417
172,MotionPlanning,1.8804739824832561,8,7,1,2.71488288386178,47.33455882352941,385523.3506954458,21417.963927524765,8144.648651585339
173,l5kit,8.137614678899082,0,12,1,4.638991249770798,72.54545454545455,1009613.1865410262,56089.62147450146,13916.973749312392
174,PythonRobotics,9.926470588235293,3,4,1,0.027920602761755765,4.0,335.04723314106917,18.613735174503844,83.76180828526729
175,CVPR2023-3D-Occupancy-Prediction,16.041397153945667,15,14,1,0.8583322606162979,34.180851063829785,88015.58149021803,4889.754527234335,2574.9967818488935
176,PythonRobotics,24.92775339826608,34,10,1,8.543982098625916,119.22051282051282,3055853.7819823893,169769.6545545772,25631.946295877748
177,Ultra-Fast-Lane-Detection,19.136960600375236,2,0,0,0.11708241808752198,2.111111111111111,741.5219812209725,41.19566562338736,351.24725426256595
178,PythonRobotics,9.89010989010989,3,4,1,0.05499965662986,4.857142857142857,801.4235680351028,44.52353155750571,164.99896988958
179,PythonRobotics,11.73913043478261,3,3,1,0.03125512476486815,4.375,410.22351253889445,22.790195141049693,93.76537429460444
180,PythonRobotics,8.206686930091186,3,5,1,0.04672720264787944,4.083333333333334,572.4082324365232,31.800457357584623,140.1816079436383
181,l5kit,39.836984207845134,0,7,1,0.582,36.60526315789474,63912.78947368421,3550.7105263157896,1746.0
182,CVPR2023-3D-Occupancy-Prediction,13.43811394891945,21,7,1,1.336171388511272,28.139240506329113,112796.5441769832,6266.474676499067,4008.514165533816
183,CVPR2023-3D-Occupancy-Prediction,2.578205568924029,2,0,0,1.1098467485479253,8.382978723404255,27911.46503794995,1550.636946552775,3329.540245643776
184,Ultra-Fast-Lane-Detection,0.533997864008544,19,14,1,2.3956400854020896,35.69259259259259,256519.8167002215,14251.100927790083,7186.920256206269
185,MotionPlanning,0.4604758250191865,3,5,1,1.6394866859407893,39.5,194279.17228398353,10793.287349110196,4918.460057822368
186,CVPR2023-3D-Occupancy-Prediction,18.056475784824105,89,40,1,9.681295678928226,106.66451612903226,3097952.1572849103,172108.45318249502,29043.88703678468
187,PythonRobotics,0.0,3,3,1,0.050412041708754185,6.222222222222222,941.0247785634115,52.27915436463397,151.23612512626255
188,CVPR2023-3D-Occupancy-Prediction,22.86711677152064,49,19,1,8.00834665679018,70.90076335877863,1703393.67362444,94632.98186802445,24025.039970370544
189,PythonRobotics,63.05360241073875,28,4,0,4.7864005909441545,96.41970802919708,1384510.0424688351,76917.22458160196,14359.201772832463
190,pylot,56.58536585365854,2,0,0,0.06626956412160623,13.928571428571429,2769.1210722242604,153.84005956801445,198.80869236481868
191,l5kit,7.154624617557072,8,20,1,1.8047921301155403,25.242424242424242,136671.985853295,7592.888102960833,5414.376390346621
192,CVPR2023-3D-Occupancy-Prediction,0.0,2,0,0,0.04533333333333334,4.199999999999999,571.1999999999999,31.73333333333333,136.0
193,pylot,14.296844565640827,1,11,1,0.7883798763432363,25.53125,60384.97115366475,3354.720619648042,2365.139629029709
194,CVPR2023-3D-Occupancy-Prediction,3.2016348773841963,4,1,0,0.8165245611966128,28.285714285714285,69287.94133582685,3849.330074212603,2449.5736835898383
195,l5kit,0.0,1,4,1,0.07183107917796477,8.214285714285714,1770.123022599846,98.34016792221367,215.49323753389433
196,l5kit,1.6570605187319885,0,8,1,1.4793311742036428,44.875,199154.95932716542,11064.164407064745,4437.993522610928
197,l5kit,27.596785078839194,40,15,1,4.596527315255565,88.2,1216241.1276166225,67568.9515342568,13789.581945766695
198,l5kit,56.71378091872791,6,4,0,0.29570805179006765,16.96969696969697,15054.228091130717,836.3460050628177,887.124155370203
199,CVPR2023-3D-Occupancy-Prediction,32.79380717804363,0,8,1,0.2026070850563862,12.75,7749.721003406772,430.5400557448207,607.8212551691586
200,PythonRobotics,37.80653950953678,0,11,1,1.2842509459770426,32.023809523809526,123379.82302422303,6854.434612456836,3852.752837931128
201,CVPR2023-3D-Occupancy-Prediction,31.360332294911736,2,0,0,0.29448002125043404,6.787878787878788,5996.684069099749,333.14911494998603,883.4400637513022
202,CVPR2023-3D-Occupancy-Prediction,23.122448979591837,2,0,0,1.0991847543721307,13.548387096774194,44676.54162931886,2482.0300905177146,3297.554263116392
203,pylot,24.37299893276414,7,13,1,1.9164021164823561,38.62264150943396,222049.53579845565,12336.085322136425,5749.2063494470685
204,CVPR2023-3D-Occupancy-Prediction,7.432762836185819,2,0,0,2.7493004822970835,14.744736842105265,121613.13633403074,6756.285351890597,8247.90144689125
205,CVPR2023-3D-Occupancy-Prediction,27.953890489913544,2,0,0,0.07174118457205308,2.588235294117647,557.0491978535887,30.947177658532706,215.22355371615927
206,pylot,23.04085733422639,4,5,1,0.3668277098155269,20.606060606060606,22676.62206132348,1259.8123367401934,1100.4831294465807
207,SqueezeSeg,24.649532710280372,8,7,1,1.1220069399170587,48.80701754385965,164285.4372025925,9126.96873347736,3366.020819751176
208,PythonRobotics,11.25,3,3,1,0.03125512476486815,4.375,410.22351253889445,22.790195141049693,93.76537429460444
209,PythonRobotics,16.4632204649188,24,12,1,5.081632153944352,69.54455445544555,1060199.532157578,58899.97400875433,15244.896461833056
210,CVPR2023-3D-Occupancy-Prediction,33.624878522837705,14,6,1,1.0030062038652494,33.90163934426229,102010.66375049193,5667.259097249552,3009.0186115957486
211,Ultra-Fast-Lane-Detection,1.7564870259481038,3,6,1,1.3597759001738936,31.25,127478.99064130253,7082.1661467390295,4079.327700521681
212,l5kit,41.99288256227758,1,3,0,0.23440742893381347,13.384615384615385,9412.359838726972,522.9088799292763,703.2222868014404
213,PythonRobotics,10.673481659651232,13,13,1,4.211342990617302,67.50802139037434,852898.2980783876,47383.23878213265,12634.028971851907
214,l5kit,25.10335323840147,8,16,1,0.9522860538677105,17.47058823529412,49910.992588007655,2772.8329215559806,2856.8581616031315
215,CVPR2023-3D-Occupancy-Prediction,6.787218231359921,2,0,0,1.1676633158942535,11.0,38532.88942451037,2140.7160791394654,3502.989947682761
216,l5kit,46.480582524271846,0,2,0,0.15383606484570644,13.444444444444446,6204.72128211016,344.7067378950089,461.5081945371193
217,VoxFormer,33.34979830410801,17,17,1,2.898116878515266,60.45564516129032,525622.5769303957,29201.254273910872,8694.350635545798
218,Ultra-Fast-Lane-Detection,7.398119122257054,8,10,1,1.4487417808896974,31.44047619047619,136647.3944046318,7591.521911368433,4346.225342669092
219,CVPR2023-3D-Occupancy-Prediction,8.77742946708464,2,0,0,0.1030447025077789,3.5,1081.9693763316784,60.10940979620435,309.1341075233367
220,Ultra-Fast-Lane-Detection,10.24582104228122,11,8,0,2.3430837846569874,129.74545454545455,912013.4120352144,50667.41177973413,7029.251353970963
221,PythonRobotics,12.23847435660063,21,8,1,1.7470166780349106,64.07692307692307,335830.3598776339,18657.242215424107,5241.050034104732
222,CVPR2023-3D-Occupancy-Prediction,7.633587786259542,4,0,0,1.2264540504081483,12.722222222222221,46809.66292391099,2600.536829106166,3679.362151224445
223,l5kit,33.50970017636684,4,8,1,0.2987035851987741,17.027027027027028,15258.102054748191,847.6723363748995,896.1107555963223
224,l5kit,36.35719347980156,21,12,1,3.1072374233746722,76.44736842105263,712620.3722292176,39590.02067940097,9321.712270124017
225,PythonRobotics,0.0,3,3,1,0.050412041708754185,6.222222222222222,941.0247785634115,52.27915436463397,151.23612512626255
226,CVPR2023-3D-Occupancy-Prediction,21.68378112252075,25,24,1,4.352216754292495,61.275449101796404,800052.108622906,44447.339367939225,13056.650262877485
227,Cam2BEV,72.23463687150839,1,4,1,0.10184286055972365,6.078947368421053,1857.292167576013,103.18289819866739,305.52858167917094
228,PythonRobotics,2.985074626865672,3,6,1,0.7967078170291678,22.03076923076923,52656.25818395853,2925.3476768865853,2390.1234510875033
229,MotionPlanning,8.836196696483507,60,20,1,15.204491501805686,186.99059561128527,8529290.76566811,473849.4869815617,45613.474505417056
230,CVPR2023-3D-Occupancy-Prediction,33.30279754774153,19,23,1,3.3369707281981147,64.20608108108108,642761.439419647,35708.96885664706,10010.912184594345
231,l5kit,5.181114724683189,0,8,1,3.34525040340161,69.04245283018868,692892.879546076,38494.04886367088,10035.75121020483
232,pylot,6.49852078423507,66,16,1,7.206695975315872,79.87924528301886,1726996.3064772042,95944.23924873356,21620.087925947617
233,CVPR2023-3D-Occupancy-Prediction,1.1624253848570532,2,0,0,1.4760759643105341,10.156862745098039,44976.90291252098,2498.7168284733875,4428.227892931603
234,l5kit,3.278688524590164,0,7,1,0.8866298553191543,34.212765957446805,91002.17919275744,5055.676621819857,2659.8895659574628
235,l5kit,5.666003976143141,0,5,1,0.3346114765841107,27.95,28057.172311577684,1558.731795087649,1003.8344297523322
236,PythonRobotics,4.53781512605042,3,6,1,0.09614709844115209,6.63157894736842,1912.8212216187096,106.26784564548387,288.44129532345625
237,l5kit,43.35246573737847,0,7,1,3.291570523845148,57.5187969924812,567981.5302424522,31554.52945791401,9874.711571535443
238,PythonRobotics,0.0,3,3,1,0.03125512476486815,4.375,410.22351253889445,22.790195141049693,93.76537429460444
239,VoxFormer,9.85430463576159,14,4,1,3.5221970596792267,120.90816326530613,1277587.1314328313,70977.06285737951,10566.59117903768
240,l5kit,4.47356529597831,0,7,1,0.642,24.95744680851064,48068.04255319149,2670.446808510638,1926.0
241,PythonRobotics,0.0,3,3,1,0.03125512476486815,4.375,410.22351253889445,22.790195141049693,93.76537429460444
242,PythonRobotics,8.35537271035361,10,6,1,6.797989636358822,116.43850267379679,2374643.2033488285,131924.62240826825,20393.968909076466
243,VoxFormer,41.81201550387597,0,3,0,1.7656186464812027,79.28358208955224,419953.71269140963,23330.761816189424,5296.855939443608
244,pylot,22.2018654230513,16,24,1,2.926169640293996,71.85169491525423,630750.7447940502,35041.708044113904,8778.508920881988
245,PythonRobotics,20.306513409961685,4,10,1,2.1122126211619845,46.284000000000006,293284.94687358395,16293.608159643552,6336.637863485954
246,PythonRobotics,8.257713248638838,8,8,1,1.6996782085017903,47.55,242459.09644278037,13469.949802376686,5099.034625505371
247,pylot,25.91362126245847,11,9,1,0.635125289770452,19.81132075471698,37748.01250522498,2097.1118058458324,1905.3758693113562
248,PythonRobotics,0.0,3,3,1,0.03125512476486815,4.375,410.22351253889445,22.790195141049693,93.76537429460444
249,pylot,26.208213944603628,6,8,1,1.1258484727543745,29.819444444444443,100716.52795848508,5595.362664360282,3377.5454182631233
250,pylot,28.39256260308892,25,24,1,3.2818070562176467,38.806763285024154,382068.9287332805,21226.05159629336,9845.42116865294
251,PythonRobotics,27.121284755512942,25,7,1,3.483297556057205,51.68,540050.453091109,30002.80294950606,10449.892668171615
252,PythonRobotics,0.0,3,3,1,0.03125512476486815,4.375,410.22351253889445,22.790195141049693,93.76537429460444
253,PythonRobotics,0.0,3,3,1,0.03125512476486815,4.375,410.22351253889445,22.790195141049693,93.76537429460444
254,l5kit,38.35999552522654,13,12,1,2.587755569988254,65.93396226415095,511862.93430135585,28436.829683408658,7763.2667099647615
255,CVPR2023-3D-Occupancy-Prediction,52.55269320843092,3,15,1,0.6850313335272914,27.375,56258.19826592881,3125.455459218267,2055.0940005818743
256,PythonRobotics,10.763454317897372,10,8,1,1.120090866936842,28.620253164556964,96171.85253712152,5342.8806965067515,3360.272600810526
257,l5kit,41.09603789836348,4,6,0,2.621732009015852,78.75,619384.187129995,34410.23261833305,7865.196027047556
258,l5kit,7.1514423076923075,0,8,1,0.5074614312323324,31.0,47193.91310460692,2621.8840613670513,1522.3842936969975
259,pylot,32.237554112554115,5,7,1,1.5063399129824535,52.324999999999996,236457.70784042063,13136.539324467813,4519.019738947361
260,PythonRobotics,12.04311152764761,6,12,1,4.065390232157327,70.03401360544217,854146.7844910139,47452.59913838966,12196.170696471982
261,l5kit,9.648127128263337,2,6,1,1.9959802090140917,33.55434782608695,200921.4425617337,11162.302364540761,5987.940627042275
262,CVPR2023-3D-Occupancy-Prediction,0.0,4,7,1,0.31068061137437486,8.974358974358974,8364.477998540862,464.693222141159,932.0418341231245
263,PythonRobotics,0.0,0,4,1,0.9895561186071683,47.44444444444444,140846.8208817536,7824.823382319645,2968.668355821505
264,pylot,20.440942495643608,11,8,1,5.2628733629809465,130.69026548672565,2063418.9510929896,114634.38617183275,15788.62008894284
265,l5kit,61.73020527859237,2,4,0,0.05618506523353571,12.0,2022.6623484072857,112.37013046707142,168.55519570060713
266,PythonRobotics,8.932714617169374,7,8,1,2.6460839087180643,41.90530303030303,332654.84411531757,18480.8246730732,7938.251726154193
267,l5kit,35.33166805439911,0,7,1,3.4619694538290067,59.04,613184.0296621936,34065.77942567742,10385.90836148702
268,Cam2BEV,16.870254209310005,0,7,1,4.370724434453992,69.47852760736197,911014.4948501495,50611.91638056386,13112.173303361975
269,CVPR2023-3D-Occupancy-Prediction,0.7597477064220184,2,0,0,2.2847772453691646,14.153846153846153,97015.15688029067,5389.730937793926,6854.331736107493
270,pylot,33.7869445035084,3,6,1,0.8438440383457643,19.733333333333334,49955.56707006925,2775.309281670514,2531.532115037293
271,l5kit,46.91749773345422,6,4,0,0.23726196660226548,27.27272727272727,19412.342722003537,1078.463484555752,711.7858998067965
272,pylot,23.544216908820502,22,15,1,2.115276494442387,55.23979591836735,350542.3255917509,19474.57364398616,6345.829483327161
273,VoxFormer,0.6957824876900022,10,10,1,4.77692843495493,68.025,974851.6703634274,54158.42613130152,14330.785304864788
274,pylot,7.143840330350998,4,13,1,2.2836487805967076,36.800000000000004,252114.82537787655,14006.379187659808,6850.9463417901225
275,l5kit,48.383620689655174,0,6,0,1.4582528778937622,62.701612903225815,274304.4223941291,15239.134577451616,4374.7586336812865
276,PythonRobotics,0.0,3,3,1,0.03125512476486815,4.375,410.22351253889445,22.790195141049693,93.76537429460444
277,MotionPlanning,11.989669216251118,18,16,1,5.902497620880791,89.73611111111111,1589001.5470212828,88277.8637234046,17707.49286264237
278,MotionPlanning,22.47029742444781,20,16,1,6.932913082821356,99.21806167400881,2063610.5934957357,114645.03297198532,20798.73924846407
279,PythonRobotics,12.739482520244914,21,4,1,4.310460655902169,91.23333333333332,1179773.0815204235,65542.94897335686,12931.381967706508
280,CVPR2023-3D-Occupancy-Prediction,11.109811717927728,26,12,1,2.186297179122859,43.0188679245283,282156.08877736516,15675.338265409177,6558.891537368577
281,CVPR2023-3D-Occupancy-Prediction,36.28865979381443,2,0,0,0.08052581941761061,4.3999999999999995,1062.94081631246,59.05226757291444,241.57745825283183
282,PythonRobotics,11.688311688311689,3,3,1,0.03125512476486815,4.375,410.22351253889445,22.790195141049693,93.76537429460444
283,PythonRobotics,18.669429097605892,39,7,1,3.9992437257233093,83.84444444444445,1005943.105143603,55885.728063533505,11997.731177169928
284,CVPR2023-3D-Occupancy-Prediction,4.113520408163265,2,0,0,1.1993787095472555,8.958333333333334,32233.30281908249,1790.739045504583,3598.1361286417664
285,pylot,17.220487486601108,74,13,1,5.0667740763465705,91.87421383647799,1396517.6548541642,77584.31415856468,15200.322229039712
286,RTM3D,20.880752102919345,3,3,0,0.6594932182261575,42.46153846153846,84009.28995250129,4667.182775138961,1978.4796546784723
287,MotionPlanning,4.680987495992305,29,10,1,6.4354034815771195,105.18181818181819,2030662.3167776528,112814.57315431404,19306.210444731358
288,l5kit,25.023331777881474,5,8,1,3.046037751197119,51.73913043478261,472798.0335553789,26266.557419743272,9138.113253591357
289,CVPR2023-3D-Occupancy-Prediction,70.61068702290076,2,0,0,0.17636537849667844,3.9655172413793105,2098.1398476328986,116.56332486849436,529.0961354900353
290,MotionPlanning,0.0,2,6,1,1.6838573193307196,41.5,209640.2362566746,11646.679792037477,5051.571957992159
291,PythonRobotics,5.793991416309013,0,3,1,0.08100100417940709,7.25,1761.7718409021043,97.87621338345024,243.00301253822127
292,MotionPlanning,6.873156342182891,27,7,1,3.649290473503787,122.71875,1343509.0958858787,74639.39421588214,10947.871420511361
293,l5kit,0.0,4,0,0,0.21341571888003913,13.571428571428573,8689.068554401594,482.72603080008855,640.2471566401174
294,l5kit,26.266036461850103,4,3,1,0.37160767341486506,36.13636363636364,40285.65004974788,2238.091669430438,1114.8230202445952
295,PythonRobotics,24.252238521623166,7,5,1,1.9039995075227483,47.25,269891.9301913496,14993.996121741644,5711.998522568245
296,pylot,27.10365162168292,5,5,1,0.8724012827451668,35.01960784313725,91653.45241075693,5091.858467264274,2617.2038482355006
297,Cam2BEV,27.05352837164443,19,11,0,2.0323922849828566,24.19685039370079,147532.47618312563,8196.248676840312,6097.17685494857
298,pylot,43.571104043616536,1,2,0,0.37771550128361114,18.46153846153846,20919.6277634,1162.2015424111112,1133.1465038508334
299,pylot,28.538725677222434,3,7,1,1.0564362219299515,28.35,89849.90067514237,4991.66114861902,3169.3086657898543
300,CVPR2023-3D-Occupancy-Prediction,0.0,2,0,0,0.5595994144634825,10.634146341463415,17852.586198005734,991.8103443336519,1678.7982433904474
301,PythonRobotics,0.0,3,4,1,0.04754120904376099,4.038461538461538,575.9800326455659,31.998890702531437,142.62362713128297
302,CVPR2023-3D-Occupancy-Prediction,22.1875,6,6,1,0.5638940375589369,24.6,41615.37997184954,2311.965553991641,1691.6821126768107
303,l5kit,33.14748201438849,6,23,1,6.167911520870321,108.8663101604278,2014433.306019433,111912.96144552407,18503.734562610964
304,PythonRobotics,1.9615384615384615,0,6,1,0.9424285751679725,48.151515151515156,136138.0914492644,7563.227302736912,2827.2857255039175
305,pylot,21.180148495506057,5,10,1,0.6149713960334783,20.296296296296298,37444.925002927346,2080.2736112737416,1844.9141881004348
306,PythonRobotics,4.2824943651389935,26,13,1,4.190436307630138,89.21212121212122,1121513.1354239208,62306.285301328935,12571.308922890415
307,RTM3D,21.4843332263929,38,4,0,1.8850911807775557,39.68,224401.25415976022,12466.736342208902,5655.273542332667
308,CVPR2023-3D-Occupancy-Prediction,6.120157215047726,3,0,0,1.0249578532507804,14.370967741935484,44188.908737731224,2454.9393743184014,3074.873559752341
309,l5kit,0.0,2,5,1,0.505395739102306,29.037037037037035,44025.58438402309,2445.8657991123937,1516.1872173069178
310,PythonRobotics,6.878817100610736,19,11,1,2.9565038251902043,46.19932432432432,409765.4372582031,22764.746514344617,8869.511475570613
311,VoxFormer,5.804046858359958,9,6,0,0.824703976853436,21.97058823529412,54357.69447436912,3019.871915242729,2474.111930560308
312,PythonRobotics,10.975609756097562,3,3,1,0.03125512476486815,4.375,410.22351253889445,22.790195141049693,93.76537429460444
313,Cam2BEV,22.36932207258617,21,18,1,3.501960184206347,34.67661691542288,364308.3952823617,20239.35529346454,10505.88055261904
314,l5kit,21.22404668204641,4,12,1,2.769366796564349,48.57142857142857,403536.3046422337,22418.683591235207,8308.100389693047
315,pylot,36.87116564417178,1,6,1,0.4922511990177196,16.97872340425532,25073.390860604697,1392.9661589224831,1476.7535970531587
316,SqueezeSeg,10.254854368932039,1,3,0,0.6447685637217772,10.046666666666667,19433.324510574363,1079.6291394763534,1934.3056911653314
317,VoxFormer,23.242924528301888,15,20,1,7.271320029447067,103.72602739726027,2262675.4217660218,125704.19009811232,21813.960088341202
318,pylot,34.92586490939045,2,0,0,0.12926767504471168,26.25,10179.829409771046,565.5460783206137,387.80302513413505
319,CVPR2023-3D-Occupancy-Prediction,2.609811751283514,2,0,0,2.3973571173694728,11.089655172413794,79757.5912702782,4430.977292793233,7192.071352108418
320,CVPR2023-3D-Occupancy-Prediction,42.32378001549187,16,8,1,2.5867948703818895,88.4074074074074,686075.48395573,38115.30466420722,7760.384611145668
321,l5kit,42.99427416638599,0,6,1,1.4330570402985676,48.784615384615385,209733.4096055427,11651.856089196815,4299.171120895703
322,Ultra-Fast-Lane-Detection,0.0,10,5,1,0.7524428118272516,34.146341463414636,77079.50755303552,4282.194864057529,2257.3284354817547
323,PythonRobotics,21.260767423649177,6,11,1,4.392059864516237,91.46979865771813,1205222.494499835,66956.80524999084,13176.179593548712
324,PythonRobotics,16.617210682492583,4,3,0,0.33848476035551245,22.0,22339.99418346382,1241.1107879702122,1015.4542810665373
325,l5kit,17.13814886020324,11,9,1,1.082794914613003,33.42857142857143,108588.861436904,6032.714524272445,3248.3847438390085
326,l5kit,19.630102040816325,16,15,1,2.183056120488763,56.72727272727273,371516.459777724,20639.803320984665,6549.168361466289
327,l5kit,6.186793575252826,0,4,1,0.6236541459138625,44.96774193548387,84132.95607134751,4674.053115074861,1870.9624377415873
328,VoxFormer,0.6131386861313869,7,10,1,3.198663933372723,53.11340206185567,509675.77066194644,28315.320592330358,9595.991800118169
329,l5kit,1.349690014509959,2,2,1,64.4470105913345,152.1103896103896,29409179.670818392,1633843.3150454662,193341.03177400352
330,PythonRobotics,31.357758620689655,2,7,1,2.3257423592886455,50.025,349035.78457024344,19390.87692056908,6977.227077865936
331,pylot,0.8502024291497976,14,4,0,1.0744187925666704,24.027027027027028,77445.2681020354,4302.514894557523,3223.2563777000114
332,PythonRobotics,11.81330028913672,23,15,1,3.2238906743861206,63.39930555555556,613177.2898293352,34065.40499051862,9671.672023158362
333,PythonRobotics,5.063291139240507,4,6,1,1.6072911104558447,54.163636363636364,261170.19371170696,14509.455206205943,4821.873331367534
334,l5kit,0.0,2,5,1,0.9138194355524761,34.02325581395348,93273.33727069342,5181.852070594079,2741.4583066574282
335,l5kit,44.150110375275936,6,9,1,0.8468078805051242,44.65384615384615,113439.68645382106,6302.204802990059,2540.4236415153728
336,CVPR2023-3D-Occupancy-Prediction,1.0384507437552624,2,0,0,1.2824208938742294,8.571428571428571,32976.53727105161,1832.029848391756,3847.262681622688
337,PythonRobotics,11.344537815126051,3,3,1,0.03125512476486815,4.375,410.22351253889445,22.790195141049693,93.76537429460444
338,l5kit,4.242159190303636,3,6,1,6.6868886658339095,255.6813725490196,5129138.61648869,284952.14536048274,20060.66599750173
339,PythonRobotics,15.610815077955397,11,7,1,5.078544965796864,88.24137931034483,1344413.4380145697,74689.63544525387,15235.634897390592
340,PythonRobotics,12.162162162162161,3,3,1,0.03125512476486815,4.375,410.22351253889445,22.790195141049693,93.76537429460444
341,PythonRobotics,10.18867924528302,3,4,1,0.04754120904376099,4.038461538461538,575.9800326455659,31.998890702531437,142.62362713128297
342,CVPR2023-3D-Occupancy-Prediction,33.60956036287509,27,13,1,1.7563721658028868,39.758426966292134,209491.78343910724,11638.432413283736,5269.1164974086605
343,PythonRobotics,0.0,3,4,1,0.08049350728942856,6.46875,1562.077125835473,86.78206254641516,241.48052186828568
344,VoxFormer,2.5416104363472782,20,11,1,1.7509103747150945,62.263440860215056,327053.1137028308,18169.617427935045,5252.7311241452835
345,pylot,23.538826646062144,19,9,1,6.485194550571452,138.48726114649682,2694350.4939324805,149686.13855180447,19455.583651714358
346,l5kit,1.1703803736214269,7,4,1,1.870255750850964,81.6896551724138,458341.64211371733,25463.424561873184,5610.767252552892
347,PythonRobotics,10.931174089068826,3,3,1,0.03125512476486815,4.375,410.22351253889445,22.790195141049693,93.76537429460444
348,PythonRobotics,12.053571428571429,3,3,1,0.03125512476486815,4.375,410.22351253889445,22.790195141049693,93.76537429460444
349,VoxFormer,0.5921770297646876,2,0,0,2.040438531075235,12.185430463576159,74590.86550685628,4143.936972603126,6121.315593225705
350,VoxFormer,47.518844221105525,2,6,1,1.0275535026636102,19.5,60111.8799058212,3339.5488836567333,3082.660507990831
351,RTM3D,23.020147616197885,18,12,1,1.5574374206977695,35.58673469387755,166272.33687806543,9237.352048781413,4672.312262093308
352,pylot,38.43988741455569,0,3,0,0.514,25.333333333333332,39064.0,2170.222222222222,1542.0
353,CVPR2023-3D-Occupancy-Prediction,1.2990196078431373,2,0,0,1.4843566843123706,8.608108108108109,38332.50842866136,2129.5838015922977,4453.0700529371115
354,PythonRobotics,5.571593533487298,10,6,1,1.8391549936870555,52.5,289666.9115057112,16092.606194761735,5517.464981061166
355,pylot,23.485458098632026,12,15,1,2.4250687531105606,37.42138364779874,272248.28454731766,15124.904697073203,7275.206259331681
356,pylot,25.984936268829664,2,12,1,1.7775354494514497,38.901869158878505,207448.3544394858,11524.908579971432,5332.606348354349
357,pylot,26.479676729260756,10,12,1,1.627671594516041,36.416666666666664,177823.12170087747,9879.062316715415,4883.014783548123
358,CVPR2023-3D-Occupancy-Prediction,0.0,3,8,1,0.09047123912114027,9.230769230769232,2505.3573910469613,139.18652172483118,271.4137173634208
359,CVPR2023-3D-Occupancy-Prediction,1.436335403726708,2,0,0,0.9150516837496807,8.135135135135135,22332.207308809775,1240.6781838227653,2745.155051249042
360,pylot,7.744874715261959,3,10,1,1.924906414575141,41.50877192982456,239701.50404656754,13316.750224809308,5774.7192437254225
361,VoxFormer,24.35969340063563,4,22,1,4.289468849311865,46.575,599346.0349701004,33297.001942783354,12868.406547935594
362,l5kit,22.412509307520477,3,10,1,0.711754465013712,23.37735849056604,49916.817857659764,2773.1565476477645,2135.263395041136
363,l5kit,2.106741573033708,1,3,1,0.24085684488411796,16.5,11922.41382176384,662.3563234313244,722.5705346523539
364,MotionPlanning,7.439198855507868,38,13,1,7.648407042801213,96.76906779661016,2220387.6589827035,123354.86994348353,22945.22112840364
365,l5kit,18.263424188020238,4,5,1,2.155121272370295,40.920833333333334,264568.07519935834,14698.226399964353,6465.363817110885
366,PythonRobotics,7.479889542562132,8,13,1,5.38262093094501,82.75132275132276,1336257.0057139678,74236.50031744265,16147.86279283503
367,CVPR2023-3D-Occupancy-Prediction,31.98856950748025,17,17,1,2.898116878515266,60.45564516129032,525622.5769303957,29201.254273910872,8694.350635545798
368,pylot,39.14035755039939,3,2,0,0.486,22.8,33242.4,1846.8000000000002,1458.0
369,pylot,19.93325917686318,6,9,1,1.1813843987514958,31.443037974683545,111438.94353792592,6191.052418773663,3544.1531962544877
370,CVPR2023-3D-Occupancy-Prediction,0.33728350045578853,2,0,0,4.079063672670511,21.112781954887218,258361.14570358183,14353.396983532324,12237.191018011532
371,Ultra-Fast-Lane-Detection,2.803738317757009,12,8,1,0.5391278308099104,16.436363636363637,26583.90322102686,1476.88351227927,1617.3834924297314
372,l5kit,47.74432118330692,4,11,1,1.406393944217537,53.49324324324324,225697.7200615589,12538.762225642162,4219.181832652611
373,pylot,31.04120267260579,5,6,1,0.7115980168330134,39.09574468085106,83461.36314451034,4636.742396917241,2134.79405049904
374,PythonRobotics,11.440677966101696,3,3,1,0.03125512476486815,4.375,410.22351253889445,22.790195141049693,93.76537429460444
375,PythonRobotics,0.0,3,3,1,0.03125512476486815,4.375,410.22351253889445,22.790195141049693,93.76537429460444
376,pylot,26.635031978543427,4,8,1,1.0443644903673037,31.212328767123285,97791.14347816032,5432.84130434224,3133.093471101911
377,PythonRobotics,12.020845396641574,45,7,1,7.998522697384953,159.29834254143645,3822454.2254204475,212358.56807891376,23995.56809215486
378,pylot,35.22033158813264,7,12,1,2.5416802814539707,54.389380530973455,414721.2480482152,23040.069336011955,7625.040844361912
379,CVPR2023-3D-Occupancy-Prediction,19.700748129675812,2,0,0,0.5713276968518913,7.064814814814815,12108.97313049981,672.7207294722116,1713.9830905556742
380,PythonRobotics,4.410943606923507,3,7,1,0.6513393849150628,29.658536585365855,57953.31893097925,3219.628829498847,1954.0181547451884
381,l5kit,0.0,0,4,1,0.08745553115043558,11.916666666666666,3126.535238628072,173.696402146004,262.36659345130676
382,PythonRobotics,9.130686039791959,25,12,1,6.42438133625642,119.17587939698493,2296893.885989808,127605.21588832267,19273.14400876926
383,CVPR2023-3D-Occupancy-Prediction,14.073919398621841,2,0,0,1.3100651774892413,12.455696202531646,48953.321568965075,2719.628976053615,3930.195532467724
384,CVPR2023-3D-Occupancy-Prediction,0.0,5,8,1,0.08147428844777893,8.571428571428571,2095.0531315143153,116.39184063968418,244.42286534333678
385,pylot,21.85522887979159,14,13,1,3.053175095360149,49.59375,454255.2071565522,25236.400397586232,9159.525286080447
386,PythonRobotics,11.790393013100436,3,3,1,0.03125512476486815,4.375,410.22351253889445,22.790195141049693,93.76537429460444
387,PythonRobotics,0.0,2,2,0,0.020756589711823783,1.5,93.40465370320703,5.189147427955946,62.26976913547135
388,CVPR2023-3D-Occupancy-Prediction,8.267954133977067,2,0,0,1.3030163890742386,8.62962962962963,33733.64651714418,1874.0914731746768,3909.049167222716
389,CVPR2023-3D-Occupancy-Prediction,33.184357541899445,6,10,1,0.7961509477225515,45.080000000000005,107671.45416999787,5981.747453888771,2388.4528431676545
390,PythonRobotics,9.873772791023843,25,14,1,3.2691188378108182,54.72222222222223,536680.3425406094,29815.574585589413,9807.356513432454
391,pylot,6.322511974454497,39,23,1,6.1047160335469925,96.30396475770925,1763725.0732515967,97984.72629175537,18314.148100640978
392,l5kit,8.743169398907105,0,6,1,0.6045170932164041,44.25,80249.64412447765,4458.31356247098,1813.5512796492123
393,VoxFormer,47.69664681917894,1,3,0,1.0934258777632924,30.943396226415093,101502.93053953581,5639.051696640879,3280.277633289877
394,MotionPlanning,20.105227807007726,15,13,1,4.4690942621343295,74.35135135135135,996849.5931187737,55380.53295104298,13407.28278640299
395,pylot,21.421784059864592,40,21,1,4.392470950534414,69.05583756345177,909977.2813868554,50554.29341038086,13177.412851603243
396,SqueezeSeg,23.858547083115223,40,8,0,13.102250650529847,146.49819494584838,5758368.2100920705,319909.345005115,39306.75195158954
397,l5kit,33.13065288439614,26,9,1,2.4320622709967137,86.09677419354838,628178.1485119576,34898.78602844209,7296.18681299014
398,PythonRobotics,14.62911075062675,12,10,1,4.391673938837309,64.64423076923077,851689.1506962471,47316.06392756928,13175.021816511928
399,PythonRobotics,12.32876712328767,3,3,1,0.03125512476486815,4.375,410.22351253889445,22.790195141049693,93.76537429460444
400,pylot,30.07886864291542,9,6,1,0.8246089475384601,30.516129032258068,75491.61913271452,4193.9788407063625,2473.8268426153804
401,PythonRobotics,15.636113341746013,17,4,1,3.637620436344383,93.92578125,1024999.0241238362,56944.39022910201,10912.86130903315
402,pylot,31.035911602209946,12,7,1,1.600145887675241,83.54761904761904,401065.1371323157,22281.396507350873,4800.437663025723
403,pylot,32.0117221168764,3,7,1,1.10557255349328,28.463855421686745,94406.57196245328,5244.809553469627,3316.7176604798406
404,pylot,25.553470919324578,2,12,1,0.6324793350671026,22.542372881355934,42772.755032504065,2376.264168472448,1897.438005201308
405,CVPR2023-3D-Occupancy-Prediction,7.366771159874608,3,2,0,0.15333333333333332,9.69047619047619,4457.619047619048,247.64550264550266,460.0
406,l5kit,31.67539267015707,0,5,1,0.34440602087780464,19.5,20147.75222135157,1119.319567852865,1033.2180626334139
407,CVPR2023-3D-Occupancy-Prediction,14.60708782742681,11,13,1,0.8482688045870774,24.42857142857143,62165.98525045296,3453.665847247387,2544.8064137612323
408,l5kit,10.186757215619695,0,10,1,1.396042258596201,41.25,172760.22950127986,9597.790527848882,4188.126775788603
409,PythonRobotics,12.222968435191403,1,5,1,0.537122833535257,28.486486486486488,45902.22701725629,2550.123723180905,1611.368500605771
410,CVPR2023-3D-Occupancy-Prediction,0.0,2,0,0,0.6426806113743748,9.916666666666666,19119.74818838765,1062.2082326882028,1928.0418341231245
411,Ultra-Fast-Lane-Detection,12.623341272541682,39,14,1,5.601337937242742,64.11363636363637,1077366.4309746667,59853.690609703706,16804.013811728226
412,pylot,34.37734433608402,11,5,1,0.7984873680955223,48.68085106382979,116613.13392782268,6478.507440434593,2395.462104286567
413,VoxFormer,0.0,9,5,1,0.466644357053073,18.58139534883721,26012.709857121303,1445.1505476178502,1399.933071159219
414,l5kit,9.585121602288984,13,13,1,2.712746631977764,35.94267515923567,292510.1129474622,16250.561830414566,8138.239895933291
415,l5kit,25.1937984496124,10,6,1,0.4841298711756735,21.658536585365855,31456.63358078035,1747.5907544877973,1452.3896135270206
416,PythonRobotics,16.335329341317365,3,8,1,2.403151121876317,48.90983606557377,352613.182235311,19589.621235295057,7209.45336562895
417,PythonRobotics,0.0,3,3,1,0.03951214079875328,4.55,539.3407219029823,29.96337343905457,118.53642239625984
418,Ultra-Fast-Lane-Detection,1.5581098339719028,32,6,1,1.6534677758464063,49.10227272727273,243567.07702610185,13531.50427922788,4960.4033275392185
419,CVPR2023-3D-Occupancy-Prediction,34.36629526462396,0,8,1,0.6946562362118021,25.53191489361702,53207.71170984016,2955.983983880009,2083.968708635406
420,PythonRobotics,9.299174775218622,25,13,1,3.601278322965957,66.25490196078431,715807.0266648217,39767.05703693454,10803.83496889787
421,l5kit,5.105348460291734,3,10,1,0.9287570302314266,28.790322580645164,80217.64349821435,4456.535749900798,2786.27109069428
422,PythonRobotics,14.43089430894309,10,10,1,1.512,38.896039603960396,176432.43564356436,9801.801980198019,4536.0
423,l5kit,62.968515742128936,7,0,0,0.2633031948698416,29.05263157894737,22948.95214233988,1274.941785685549,789.9095846095248
424,PythonRobotics,0.0,3,3,1,0.03125512476486815,4.375,410.22351253889445,22.790195141049693,93.76537429460444
425,PythonRobotics,26.675570665371538,11,8,1,4.251716287065451,85.34347826086957,1088568.7695496662,60476.04275275923,12755.148861196352
426,pylot,39.251622756777394,1,3,0,0.484,21.717391304347828,31533.652173913048,1751.8695652173915,1452.0
427,PythonRobotics,9.497071786512105,34,11,1,11.889261271562411,157.9090909090909,5632267.316919248,312903.7398288471,35667.78381468723
428,VoxFormer,8.384738405300434,1,4,1,1.5402237628046056,59.01724137931034,272699.27276276716,15149.959597931509,4620.671288413817
429,PythonRobotics,20.643712574850298,15,6,1,3.632571866692582,56.7,617900.4745244082,34327.8041402449,10897.715600077747
430,Ultra-Fast-Lane-Detection,16.681090437040243,8,7,1,1.7631535255164117,66.73333333333333,352983.33580838563,19610.185322688092,5289.460576549235
431,CVPR2023-3D-Occupancy-Prediction,16.399162595952546,4,17,1,3.1354573458052593,62.03007518796992,583477.9647269185,32415.442484828804,9406.372037415778
432,l5kit,27.14228776404942,15,8,1,2.9284237349375273,50.13013698630137,440406.8489590636,24467.04716439242,8785.271204812581
433,PythonRobotics,9.946739599827264,0,6,1,4.804159570553395,87.37328767123287,1259265.6485294052,69959.20269607806,14412.478711660186
434,PythonRobotics,9.96309963099631,3,4,1,0.027920602761755765,4.0,335.04723314106917,18.613735174503844,83.76180828526729
435,PythonRobotics,10.446343779677113,89,5,1,5.105043144027439,108.30097087378641,1658643.3865522163,92146.85480845645,15315.129432082318
436,CVPR2023-3D-Occupancy-Prediction,42.27124183006536,0,7,1,0.6187487821864767,41.93103448275862,77834.32956607817,4324.1294203376765,1856.24634655943
437,pylot,25.335775335775335,22,9,1,5.213115156745067,53.36065573770492,834525.7296002554,46362.54053334752,15639.345470235201
438,Ultra-Fast-Lane-Detection,21.123853211009173,9,10,1,1.6823412036866348,35.88888888888889,181132.0695969277,10062.892755384872,5047.023611059904
439,l5kit,28.922664282521232,3,6,1,1.1051178390772571,29.527027027027025,97892.53290745162,5438.474050413979,3315.3535172317715
440,MotionPlanning,2.7542372881355934,0,2,0,0.4915970140890742,39.21428571428571,57832.87730033608,3212.937627796449,1474.7910422672226
441,pylot,16.762013729977117,8,3,0,0.7041165353046226,22.307692307692307,47121.64505500167,2617.869169722315,2112.349605913868
442,PythonRobotics,0.0,3,3,1,0.03951214079875328,4.55,539.3407219029823,29.96337343905457,118.53642239625984
443,l5kit,9.926001531002807,0,8,1,4.712638163016107,183.67142857142858,2596730.951224204,144262.8306235669,14137.914489048322
444,RTM3D,17.579250720461093,2,8,1,0.5785873848810925,22.0,38186.7674021521,2121.487077897339,1735.7621546432774
445,CVPR2023-3D-Occupancy-Prediction,5.2730535851636615,26,12,1,5.373588637771335,104.36746987951808,1682483.5508925612,93471.30838292006,16120.765913314004
446,PythonRobotics,15.491494611089468,17,4,1,3.417923484676607,84.8671875,870208.6597041088,48344.92553911716,10253.77045402982
447,PythonRobotics,3.312883435582822,1,5,1,0.278514236965772,11.571428571428571,9668.422797526084,537.1345998625602,835.5427108973159
448,l5kit,24.27536231884058,1,2,1,0.2923691319658631,12.115384615384617,10626.493450297718,590.3607472387621,877.1073958975893
449,VoxFormer,35.768474290531046,26,20,1,4.139067353523667,75.51923076923076,937737.5479204293,52096.530440023846,12417.202060571002
450,pylot,21.964285714285715,9,7,1,1.2920079914196434,38.49230769230769,149197.10743993605,8288.728191107559,3876.02397425893
451,CVPR2023-3D-Occupancy-Prediction,16.74418604651163,3,3,0,0.2446615415442258,13.222222222222221,9704.907814587623,539.161545254868,733.9846246326774
452,PythonRobotics,11.587982832618026,3,3,1,0.03125512476486815,4.375,410.22351253889445,22.790195141049693,93.76537429460444
453,pylot,35.51263001485884,0,3,0,0.6682725203195088,28.5,57137.300487318,3174.294471517667,2004.8175609585264
454,CVPR2023-3D-Occupancy-Prediction,14.392483450779414,2,0,0,1.2614173047616755,12.526315789473685,47402.73450525454,2633.485250291919,3784.2519142850265
455,CVPR2023-3D-Occupancy-Prediction,21.879705908406414,18,22,1,3.452591403887173,52.877192982456144,547690.0258587337,30427.223658818537,10357.774211661519
456,CVPR2023-3D-Occupancy-Prediction,11.333478355449206,2,0,0,1.3155709063291294,12.2,48149.89517164614,2674.9941762025633,3946.7127189873886
457,pylot,15.721434528773978,11,8,1,1.6596314008208726,31.25,155590.4438269568,8643.913545942043,4978.894202462618
458,CVPR2023-3D-Occupancy-Prediction,0.0,0,4,0,0.2536993065053879,19.47826086956522,14824.863823619191,823.6035457566218,761.0979195161638
459,pylot,21.070843197960297,3,10,0,1.766343225459348,24.33904109589041,128973.30106170807,7165.183392317115,5299.029676378044
460,Cam2BEV,25.216057987175912,36,9,1,2.1107072655332035,65.953125,417623.2203663587,23201.290020353263,6332.121796599611
461,pylot,12.118000353294471,7,10,1,1.018466837157446,20.930232558139537,63950.24326337451,3552.791292409695,3055.4005114723377
462,l5kit,6.418791609094335,34,13,1,2.1245642068219364,37.37264150943396,238201.72939599343,13233.429410888524,6373.692620465809
463,l5kit,5.461191141689959,2,5,1,1.6189198563461829,64.5,313260.9922029864,17403.388455721466,4856.759569038549
464,PythonRobotics,20.24373730534868,14,7,1,2.626340441898053,59.869565217391305,471713.5811078634,26206.310061547967,7879.02132569416
465,l5kit,1.9841269841269842,1,4,1,0.13440414086519614,16.25,6552.201867178313,364.0112148432396,403.21242259558846
466,PythonRobotics,0.0,3,4,1,0.027920602761755765,4.0,335.04723314106917,18.613735174503844,83.76180828526729
467,VoxFormer,9.516100017988848,18,10,1,2.5829263800557167,42.48175182481752,329181.7123779038,18287.872909883547,7748.77914016715
468,Ultra-Fast-Lane-Detection,23.829489867225718,5,18,1,0.29617510102493777,9.545454545454545,8481.377892986855,471.18766072149197,888.5253030748133
469,Ultra-Fast-Lane-Detection,24.73498233215548,2,0,0,0.10005343587792334,0.5303030303030303,159.17592071487803,8.843106706382112,300.16030763377
470,l5kit,1.884132273775955,2,5,1,2.4023772007796835,78.42361111111111,565209.2860084368,31400.5158893576,7207.13160233905
471,PythonRobotics,3.830266616597822,0,5,1,1.1963215556567812,42.75862068965517,153459.1788635595,8525.509936864417,3588.964666970344
472,PythonRobotics,15.272933733473923,7,10,1,17.708344323546147,176.61198738170347,9382517.652662976,521250.98070349864,53125.03297063844
473,pylot,26.7529665587918,9,9,1,1.6619603824167344,34.60747663551402,172548.76531091123,9586.042517272846,4985.881147250203
474,pylot,11.181464958986904,8,10,1,1.6535593834278672,62.4390243902439,309739.9040177078,17207.77244542821,4960.678150283602
475,PythonRobotics,8.205953338696702,10,5,1,1.1343586786156035,60.63636363636363,206350.15599180202,11463.897555100113,3403.07603584681
476,PythonRobotics,15.424610051993067,35,8,1,3.3364103827497504,62.93859649122807,629966.960427091,34998.16446817172,10009.231148249251
477,pylot,26.170553676339683,17,7,0,2.068660166576688,40.05833333333333,248601.23551835347,13811.179751019637,6205.980499730064
478,PythonRobotics,3.487707261292167,0,5,1,0.8158664511876212,28.0188679245283,68578.96301963873,3809.9423899799294,2447.5993535628636
479,l5kit,24.204753199268737,0,11,1,0.6227274204441031,36.58536585365854,68348.13151215766,3797.1184173420925,1868.1822613323093
480,l5kit,3.5155247626379267,0,13,1,1.5969381328236267,33.06976744186046,158431.11801454864,8801.728778586035,4790.81439847088
481,l5kit,1.4726507713884993,2,2,0,0.5013757892692814,11.6015625,17450.227665583192,969.4570925323995,1504.1273678078442
482,PythonRobotics,10.714285714285714,3,3,1,0.03125512476486815,4.375,410.22351253889445,22.790195141049693,93.76537429460444
483,l5kit,8.410138248847927,0,14,1,1.2476019772005467,26.916666666666668,100743.85965894416,5596.881092163564,3742.80593160164
484,pylot,36.52386465971954,4,3,1,1.4547531954943267,41.09146341463415,179333.81312993172,9962.98961832954,4364.25958648298
485,PythonRobotics,11.440677966101696,3,3,1,0.03125512476486815,4.375,410.22351253889445,22.790195141049693,93.76537429460444
486,CVPR2023-3D-Occupancy-Prediction,15.463221825894149,19,23,1,3.4035943554183627,47.90112994350282,489108.0464816032,27172.669248977953,10210.783066255088
487,CVPR2023-3D-Occupancy-Prediction,12.388705164080386,27,23,1,1.8493688750194017,37.083333333333336,205742.28734590847,11430.127074772692,5548.106625058205
488,l5kit,5.366357069143447,0,7,1,1.0954620525822183,42.82692307692307,140745.80717888076,7819.21150993782,3286.386157746655
489,pylot,4.729325237321475,32,12,1,2.9322797793325903,39.577922077922075,348160.6218512754,19342.256769515297,8796.839337997772
490,PythonRobotics,2.8279654359780046,11,11,1,2.0908643443344106,63.1551724137931,396146.69448087655,22008.14969338203,6272.593033003232
491,l5kit,27.67214523579332,14,14,1,5.641832803625974,53.45022624434389,904671.7193597078,50259.53996442821,16925.49841087792
492,CVPR2023-3D-Occupancy-Prediction,31.69170476812541,21,5,1,1.1637855576986775,32.53191489361702,113580.51815242201,6310.028786245667,3491.356673096033
493,pylot,35.49689440993789,0,6,1,0.5369815912200274,29.210526315789473,47056.54470428135,2614.252483571186,1610.9447736600823
494,PythonRobotics,11.525795828759605,3,5,1,0.15373110979725663,13.23076923076923,6101.942511952647,338.99680621959146,461.19332939176985
495,pylot,19.617725370863447,7,7,1,3.342431317010082,62.92999999999999,631017.6083383333,35056.53379657408,10027.293951030246
496,l5kit,36.07046375506528,2,14,1,5.3698936779110396,121.33333333333334,1954641.2987596185,108591.18326442325,16109.681033733119
497,pylot,55.603053435114504,0,3,1,0.3451179718911325,26.052631578947366,26973.694118859567,1498.5385621588648,1035.3539156733975
498,PythonRobotics,12.258064516129032,3,3,1,0.05420902501875005,6.4,1040.813280360001,57.82296002000006,162.62707505625016
499,PythonRobotics,14.656771799628942,14,8,1,2.949906497971539,52.3125,462950.9510254084,25719.497279189356,8849.719493914617
500,PythonRobotics,25.153895139036297,30,8,1,2.777160414470388,63.41463414634146,528337.8349480251,29352.101941556946,8331.481243411165
501,PythonRobotics,13.88004584235324,18,4,1,3.3956153189037024,87.44800000000001,890819.305222473,49489.961401248496,10186.845956711108
502,PythonRobotics,20.77784325279906,23,3,0,3.6950102291354523,61.767123287671225,684690.4571166474,38038.35872870263,11085.030687406357
503,CVPR2023-3D-Occupancy-Prediction,4.987735077677842,2,0,0,0.5483699947752521,5.227272727272727,8599.438554430088,477.7465863572271,1645.1099843257562
504,pylot,15.979054268486195,0,5,1,2.776215523216459,69.95783132530121,582654.0518875797,32369.669549309983,8328.646569649378
505,PythonRobotics,37.99344940527495,9,6,1,1.9535316996039174,51.196808510638306,300043.76503225067,16669.09805734726,5860.595098811752
506,RTM3D,11.082345912575924,18,8,1,4.36528340080418,84.34615384615385,1104584.595918873,61365.81088438184,13095.85020241254
507,l5kit,8.619888475836431,0,5,1,1.5131108673551303,61.26724137931034,278112.38623171323,15450.688123984068,4539.332602065391
508,MotionPlanning,5.066648056389141,40,21,1,9.953516816719144,141.26305970149255,4218192.72096002,234344.04005333444,29860.550450157432
509,MotionPlanning,0.8359806052499582,21,6,1,3.2403295882725405,104.72727272727272,1018052.6415518089,56558.48008621161,9720.98876481762
510,Ultra-Fast-Lane-Detection,17.559153175591533,4,5,1,0.33512686071788417,13.028571428571428,13098.672727487587,727.704040415977,1005.3805821536524
511,PythonRobotics,16.77762982689747,18,7,1,2.1428012628897757,37.41880341880342,240543.1776649087,13363.509870272705,6428.403788669328
512,PythonRobotics,7.809266756635178,10,6,1,7.617970839466988,131.0890052356021,2995896.657778656,166438.70320992533,22853.912518400964
513,PythonRobotics,11.225914549008657,13,10,1,3.5824835895820604,73.81879194630872,793363.8322512701,44075.768458403894,10747.450768746181
514,RTM3D,10.907150480256137,40,17,1,8.739851510444533,108.07627118644068,2833711.6859160797,157428.42699533777,26219.5545313336
515,pylot,23.903966597077243,6,6,1,0.9040357175688929,31.5,85431.37531026038,4746.187517236688,2712.107152706679
516,pylot,22.324407176990352,32,4,1,2.7180358276264514,97.6111111111111,795931.491523279,44218.41619573772,8154.1074828793535
517,MotionPlanning,3.525713002470245,87,4,0,15.040624483433588,389.02601156069363,17553582.46251686,975199.0256953811,45121.873450300765
518,l5kit,30.096774193548388,10,7,1,0.7039650485125718,26.889830508474578,56788.50251517942,3154.9168063988564,2111.8951455377155
519,PythonRobotics,0.0,3,5,1,0.340512656783075,12.789473684210527,13064.93298920325,725.8296105112917,1021.5379703492251
520,pylot,34.44824072409039,19,12,1,3.0438453762063893,105.19642857142858,960604.9881017058,53366.9437834281,9131.536128619167
521,RTM3D,16.55480984340045,4,11,1,5.296090444429491,93.8173076923077,1490594.8403739966,82810.82446522203,15888.271333288474
522,MotionPlanning,18.332727493032838,13,13,1,4.2947250152859455,60.08021390374331,774083.9927284105,43004.666262689476,12884.175045857835
523,PythonRobotics,17.907118231596026,3,10,1,2.816917666315859,50.47933884297521,426588.42411216366,23699.356895120203,8450.752998947577
524,Ultra-Fast-Lane-Detection,1.9979242345614945,19,17,1,1.7159393086811237,23.2479674796748,119676.30373594325,6648.683540885736,5147.817926043371
525,l5kit,8.900867735997897,2,4,1,2.417309040506269,93.93382352941177,681201.2424809026,37844.513471161255,7251.927121518806
526,RTM3D,21.841941505911638,19,6,0,1.2655366731939268,34.7875,132074.5710562012,7337.476169788956,3796.6100195817808
527,PythonRobotics,6.446991404011461,8,5,1,1.2750077577424779,52.03703703703703,199042.87773646458,11057.93765202581,3825.0232732274335
528,CVPR2023-3D-Occupancy-Prediction,12.550607287449393,3,1,0,0.06837795148577189,7.5,1538.5039084298676,85.47243935721487,205.13385445731566
529,RTM3D,11.322731168460146,17,6,1,3.9731367678963063,102.41463414634147,1220722.0454924335,67817.8914162463,11919.41030368892
530,PythonRobotics,3.29397141081417,5,8,1,0.526103733930744,24.82051282051282,39174.4934188431,2176.3607454912835,1578.3112017922322
531,Cam2BEV,72.11377579475739,1,4,1,0.10184286055972365,6.078947368421053,1857.292167576013,103.18289819866739,305.52858167917094
532,pylot,11.466666666666667,0,1,0,0.4451646979413988,24.081081081081084,32160.141556685383,1786.6745309269656,1335.4940938241964
533,PythonRobotics,19.858479799132617,26,9,1,3.5364048269458683,82.55434782608695,875836.7824126262,48657.59902292368,10609.214480837605
534,Ultra-Fast-Lane-Detection,1.6602316602316602,23,6,1,1.8853751019181226,75.0,424209.39793157764,23567.188773976537,5656.125305754368
535,pylot,12.996200707454474,0,10,1,3.0714302709508283,63.85443037974684,588373.29120803,32687.405067112777,9214.290812852485
536,pylot,31.34980988593156,37,19,1,4.046066748091999,53.160621761658035,645274.2720532214,35848.57066962341,12138.200244275995
537,pylot,10.011658408627222,0,11,1,6.062467722509469,126.14201183431952,2294195.6255939086,127455.31253299493,18187.403167528406
538,PythonRobotics,15.408525754884547,6,6,1,1.4495284590245228,57.03333333333333,248014.31933909585,13778.573296616436,4348.585377073568
539,PythonRobotics,12.895871536898449,7,6,1,11.56263508111717,114.32055749128921,3965540.6656249585,220307.81475694213,34687.90524335151
540,PythonRobotics,0.0,3,3,1,0.03951214079875328,4.55,539.3407219029823,29.96337343905457,118.53642239625984
541,PythonRobotics,0.0,3,3,1,0.03125512476486815,4.375,410.22351253889445,22.790195141049693,93.76537429460444
542,PythonRobotics,11.842105263157896,3,3,1,0.03125512476486815,4.375,410.22351253889445,22.790195141049693,93.76537429460444
543,PythonRobotics,1.0602759622367466,9,8,1,3.950637110333697,110.22527472527472,1306380.1824791916,72576.67680439953,11851.91133100109
544,PythonRobotics,20.390482001220256,23,8,1,3.4189061585420943,67.87931034482759,696218.9765265634,38678.83202925352,10256.718475626283
545,l5kit,0.0,1,1,0,1.3836931018885534,32.266666666666666,133941.49226281198,7441.1940146006655,4151.07930566566
546,l5kit,20.164960182025027,13,10,1,0.9007774211661519,25.27777777777778,68308.95443843318,3794.941913246288,2702.3322634984556
547,PythonRobotics,15.5256130128672,17,4,1,3.579352470680374,89.50381679389312,961097.1233296347,53394.284629424146,10738.057412041122
548,CVPR2023-3D-Occupancy-Prediction,9.788430637386181,36,8,0,2.477841942787192,48.21818181818182,358431.09994208906,19912.838885671616,7433.525828361576
549,CVPR2023-3D-Occupancy-Prediction,7.534076827757125,2,0,0,2.693170195294983,14.694148936170212,118721.53188035729,6595.64066001985,8079.510585884949
550,PythonRobotics,13.165588730397802,23,4,1,4.815440088603504,108.0,1560202.5887075353,86677.92159486307,14446.320265810511
551,pylot,13.365125947664465,17,11,1,2.4873614676770037,44.05035971223021,328707.5021565387,18261.527897585485,7462.084403031012
552,l5kit,32.10526315789474,0,4,1,0.20517132067779864,13.886363636363635,8547.250700054656,474.84726111414756,615.513962033396
553,PythonRobotics,4.844540853217643,9,7,0,1.3812618252493583,29.464285714285715,122093.67919614863,6782.982177563813,4143.7854757480745
554,l5kit,48.28321279025504,18,10,1,2.2085012183420267,74.33980582524272,492538.6552090747,27363.258622726375,6625.50365502608
555,l5kit,30.49317481285777,6,11,1,1.112349515154449,22.044444444444444,73563.38126888088,4086.854514937827,3337.0485454633467
556,MotionPlanning,24.92834928959083,34,14,1,6.897378993742979,91.13692946058092,1885817.8284469394,104767.65713594107,20692.136981228938
557,PythonRobotics,7.90258449304175,18,9,1,3.664409181122857,49.96026490066225,549224.5601799504,30512.475565552802,10993.227543368572
558,PythonRobotics,28.12281926029309,9,8,1,1.68152446156348,40.0,201782.9353876176,11210.163077089866,5044.5733846904395
559,l5kit,20.895878008101025,5,15,1,0.9014406469893258,30.983870967741936,83790.36207418524,4655.0201152325135,2704.3219409679773
560,l5kit,49.32371505861136,0,3,0,0.21024361672532071,18.136363636363637,11439.16405546404,635.5091141924466,630.7308501759621
561,l5kit,35.21825396825397,1,9,1,0.15358008562199313,13.475000000000001,6208.474961269072,344.91527562605955,460.74025686597935
562,CVPR2023-3D-Occupancy-Prediction,3.0715225976305396,2,0,0,0.8466828600467468,6.7555555555555555,17159.4392969474,953.3021831637444,2540.04858014024
563,PythonRobotics,20.22301064368981,14,6,1,1.6188862915751079,61.638888888888886,299359.0567504303,16631.05870835724,4856.658874725324
564,l5kit,28.903298917149332,16,4,1,4.475562225500465,68.73972602739725,922946.7635984108,51274.82019991171,13426.686676501393
565,pylot,25.468758851186767,12,21,1,3.8716881477361627,62.68361581920904,728074.237273436,40448.568737413116,11615.064443208488
566,PythonRobotics,8.036984352773827,2,6,1,0.7183206152675401,32.57142857142857,70190.1858347139,3899.454768595217,2154.9618458026202
567,PythonRobotics,0.0,3,3,1,0.03125512476486815,4.375,410.22351253889445,22.790195141049693,93.76537429460444
568,pylot,43.08979199052484,11,8,1,2.328056530790425,65.390625,456699.2147511529,25372.17859728627,6984.169592371275
569,l5kit,10.383747178329571,0,9,1,2.038794554572741,81.1875,496573.89869812323,27587.4388165624,6116.383663718223
570,l5kit,34.60980412477977,32,20,1,5.262673285346666,78.9099099099099,1245831.2244959848,69212.84580533249,15788.019856039999
571,PythonRobotics,18.625678119349004,13,5,1,2.9815680271874334,88.13385826771655,788331.2817710775,43796.18232061542,8944.7040815623
572,PythonRobotics,9.83649104593823,29,16,1,4.275463562147329,75.98795180722891,974651.1573420435,54147.28651900242,12826.390686441988
573,CVPR2023-3D-Occupancy-Prediction,30.974358974358974,2,0,0,0.29448002125043404,6.787878787878788,5996.684069099749,333.14911494998603,883.4400637513022
574,l5kit,43.45786272806255,1,2,1,1.6256762588540081,39.651162790697676,193379.86195437794,10743.325664132108,4877.028776562024
575,PythonRobotics,33.07510946446615,9,9,1,2.304615568566758,44.083969465648856,304789.8070642678,16932.76705912599,6913.8467057002745
576,PythonRobotics,19.348600508905854,41,8,1,4.531692151531674,89.96644295302013,1223100.6702942704,67950.03723857057,13595.076454595022
577,CVPR2023-3D-Occupancy-Prediction,28.36676217765043,2,0,0,0.0728373831044092,2.4444444444444446,534.1408094323341,29.674489412907448,218.51214931322758
578,pylot,25.333792747006633,16,10,1,3.2798015132386196,65.2247191011236,641772.3972252872,35654.02206807151,9839.404539715859
579,PythonRobotics,0.0,3,3,1,0.03125512476486815,4.375,410.22351253889445,22.790195141049693,93.76537429460444
580,l5kit,63.377456879261935,2,3,0,0.28714086577172476,10.222222222222221,8805.653216999559,489.20295649997547,861.4225973151744
581,CVPR2023-3D-Occupancy-Prediction,0.0,1,3,1,0.02652230907621928,6.0,477.40156337194696,26.522309076219276,79.56692722865783
582,PythonRobotics,16.584659913169318,6,10,1,1.5332731805063406,44.0,202392.05982683698,11244.003323713165,4599.819541519022
583,l5kit,5.555555555555555,0,5,1,0.3346114765841107,27.95,28057.172311577684,1558.731795087649,1003.8344297523322
584,VoxFormer,33.19788703778951,0,4,0,3.139556724044274,89.61467889908258,844051.1031320498,46891.727951780544,9418.670172132823
585,PythonRobotics,32.88135593220339,3,3,1,0.03125512476486815,4.375,410.22351253889445,22.790195141049693,93.76537429460444
586,CVPR2023-3D-Occupancy-Prediction,6.890920966688439,21,3,0,0.8420990263729636,34.70408163265306,87672.82006207497,4870.712225670832,2526.297079118891
587,PythonRobotics,8.071135430916552,5,10,1,2.7249287661655397,57.53913043478261,470370.0951056706,26131.671950315034,8174.786298496619
588,CVPR2023-3D-Occupancy-Prediction,26.869806094182824,2,0,0,0.08100100417940709,2.4,583.207230091731,32.400401671762836,243.00301253822127
589,l5kit,23.438510280615542,11,6,1,4.9745228222839755,112.22268907563026,1674762.9839544038,93042.38799746688,14923.568466851926
590,CVPR2023-3D-Occupancy-Prediction,36.340852130325814,2,0,0,0.10255690500389554,3.954545454545454,1216.6978275462152,67.5943237525675,307.67071501168664
591,PythonRobotics,10.975609756097562,3,3,1,0.03125512476486815,4.375,410.22351253889445,22.790195141049693,93.76537429460444
592,CVPR2023-3D-Occupancy-Prediction,19.81883063409278,12,21,1,0.7692088632077109,30.163934426229506,69607.0971296158,3867.060951645322,2307.6265896231325
593,PythonRobotics,0.0,3,3,1,0.03951214079875328,4.55,539.3407219029823,29.96337343905457,118.53642239625984
594,CVPR2023-3D-Occupancy-Prediction,21.453590192644484,2,0,0,1.0628832554794014,13.442622950819672,42863.81653244799,2381.323140691555,3188.649766438204
595,PythonRobotics,7.988165680473373,3,4,1,0.06194763602671887,5.666666666666667,1053.109812454221,58.50610069190116,185.8429080801566
596,MotionPlanning,0.0,2,3,0,1.311329712225091,50.80232558139535,199855.79695504965,11103.099830836092,3933.9891366752736
597,CVPR2023-3D-Occupancy-Prediction,8.529048207663783,2,0,0,0.8532965461243933,10.64406779661017,27247.638862684016,1513.7577145935566,2559.88963837318
598,l5kit,27.31968271536617,0,3,1,0.9091769808468366,32.075471698113205,87486.84155318615,4860.38008628812,2727.53094254051
599,l5kit,17.292521300094666,0,6,1,1.2956842503028856,48.653846153846146,189120.06653459423,10506.670363033012,3887.0527509086564
600,CVPR2023-3D-Occupancy-Prediction,7.783520826999088,2,0,0,0.8732821255234083,12.296296296296296,32214.407297085727,1789.6892942825405,2619.846376570225
601,pylot,0.0,7,2,0,0.365,31.5,34492.5,1916.25,1095.0
602,CVPR2023-3D-Occupancy-Prediction,1.1993517017828201,2,0,0,1.3728554873648764,7.113095238095238,29295.755489304058,1627.5419716280032,4118.566462094629
603,pylot,56.42499263188918,0,4,1,4.005417714510631,167.24519230769232,2009660.5678079037,111647.80932266131,12016.253143531892
604,l5kit,0.0,4,7,1,0.3895065401487094,12.461538461538463,14561.552193251753,808.9751218473197,1168.519620446128
605,PythonRobotics,30.97345132743363,3,3,1,0.06771020681990202,6.666666666666667,1354.2041363980404,75.23356313322446,203.13062045970605
606,PythonRobotics,14.670308232539993,21,6,1,2.510262919819612,46.34615384615385,349023.0944287653,19390.171912709182,7530.788759458836
607,CVPR2023-3D-Occupancy-Prediction,1.4269186270728886,2,0,0,0.8900572806465318,4.282051282051282,11433.812759074677,635.2118199485932,2670.171841939595
608,PythonRobotics,58.66838804869052,3,5,1,1.1142137398974392,49.25471698113207,164640.84724541122,9146.71373585618,3342.641219692318
609,PythonRobotics,0.0,3,4,1,0.07050659577211638,4.666666666666667,987.0923408096293,54.83846337831274,211.51978731634912
610,pylot,37.87234042553192,1,5,1,0.6766058003043424,17.6953125,35918.2532270938,1995.4585126163224,2029.817400913027
611,CVPR2023-3D-Occupancy-Prediction,28.076825878190547,6,11,1,0.949684982043425,48.46153846153846,138069.5858509287,7670.532547273817,2849.054946130275
612,PythonRobotics,44.4249250800868,2,7,1,3.6494918257341364,103.75675675675676,1135978.3069454068,63109.90594141149,10948.47547720241
613,pylot,11.817383669885865,6,7,1,1.8955192143379864,49.49519230769231,281457.2641097534,15636.514672764079,5686.557643013959
614,CVPR2023-3D-Occupancy-Prediction,20.083892617449663,22,24,1,1.0496232432680093,28.323529411764707,89187.10440591996,4954.83913366222,3148.869729804028
615,CVPR2023-3D-Occupancy-Prediction,28.779428168848707,19,19,1,4.933146520145497,77.46835443037975,1146488.2292388778,63693.790513270986,14799.439560436493
616,pylot,18.685787671232877,4,7,1,0.9891847853102019,36.0,106831.9568135018,5935.108711861211,2967.5543559306057
617,pylot,25.493945188017847,0,5,1,0.5793253418844558,52.58620689655172,91393.56686625467,5077.420381458593,1737.9760256533675
618,l5kit,7.7611940298507465,0,4,1,0.571220282184577,29.85185185185185,51155.949715641,2841.9972064245,1713.6608465537308
